"Titulo, "
BBC - Home
Search BBC
BBC – Sign in
BBC - Home
Close menu
BBC Sport | Scores Fixtures News | Live Sport
Close menu
Close menu
Close menu
All Subjects
Close menu
Close menu
Close menu
Close menu
Close menu
BBC Sport | Scores Fixtures News | Live Sport
Close menu
Close menu
Close menu
Close menu
Close menu
Close menu
Close menu
Close menu
TITLE_ERROR
BBC - Home
Close menu
BBC Sport | Scores Fixtures News | Live Sport
Close menu
Close menu
Close menu
All Subjects
Close menu
Close menu
Close menu
Close menu
Close menu
BBC Sport | Scores Fixtures News | Live Sport
Close menu
Close menu
Close menu
Close menu
Close menu
Close menu
Close menu
Close menu
